datetime,day,slot,n_roads,mean_dev,median_dev,std_dev,p05,p10,p25,p75,p90,p95,pct_faster,pct_better_005,pct_worse_005,pct_better_003,pct_worse_003,pct_better_010,pct_worse_010,iqr
2025-09-21 00:00:00,2025-09-21,0,4071,0.0004589815497147843,0.0,0.04494883329014263,-0.05416666666666664,-0.0033333333333332993,0.0,0.0,0.009999999999999898,0.05666666666666664,0.10734463276836158,0.056742815033161385,0.05232129697862933,0.07197248833210514,0.07098992876443135,0.024809629083763204,0.02407270940800786,0.0
2025-09-21 00:30:00,2025-09-21,1,3791,0.002121955508660863,0.0,0.04534533634817505,-0.029999999999999916,0.0,0.0,0.0,0.011999999999999955,0.06849999999999995,0.11052492745977315,0.06357161698760222,0.04009496175151675,0.08520179372197309,0.049854919546293855,0.028224742811922974,0.020575046161962544,0.0
2025-09-21 01:00:00,2025-09-21,2,3815,0.0015452235328382111,0.0,0.041568271294229235,-0.03500000000000003,0.0,0.0,0.0,0.0,0.05249999999999999,0.09934469200524246,0.05163826998689384,0.04036697247706422,0.06605504587155964,0.0526867627785059,0.027522935779816515,0.019134993446920052,0.0
2025-09-21 01:30:00,2025-09-21,3,3693,0.0013487002437043056,0.0,0.040260120668408554,-0.025399999999999954,0.0,0.0,0.0,0.0,0.04499999999999995,0.09775250473869483,0.047386948280530736,0.036555645816409424,0.06417546709991877,0.04765773084213377,0.023828865421066884,0.018142431627403196,0.0
2025-09-21 02:00:00,2025-09-21,4,3678,0.0013418751132862068,0.0,0.04120139151417237,-0.03358333333333328,0.0,0.0,0.0,0.0,0.04499999999999994,0.09026644915715062,0.046220772158781946,0.04105492115280043,0.0622620989668298,0.05193039695486677,0.021750951604132682,0.020391517128874388,0.0
2025-09-21 02:30:00,2025-09-21,5,3500,0.0006469206349206351,0.0,0.03641800267093312,-0.020000000000000018,0.0,0.0,0.0,0.0,0.026666666666666623,0.07714285714285714,0.03628571428571428,0.03,0.049428571428571426,0.04114285714285714,0.018857142857142857,0.014571428571428572,0.0
2025-09-21 03:00:00,2025-09-21,6,3440,-0.0005152858527131785,0.0,0.037316960350762325,-0.020000000000000018,0.0,0.0,0.0,0.0,0.023416666666666194,0.06627906976744186,0.034593023255813954,0.03313953488372093,0.04622093023255814,0.044186046511627906,0.013953488372093023,0.017151162790697675,0.0
2025-09-21 03:30:00,2025-09-21,7,3383,-0.00014154924951555138,0.0,0.03778710487321829,-0.010000000000000009,0.0,0.0,0.0,0.0,0.0178666666666662,0.06443984629027491,0.03281111439550695,0.027490393142181494,0.0431569612769731,0.0381318356488324,0.01507537688442211,0.0162577593851611,0.0
2025-09-21 04:00:00,2025-09-21,8,3386,-7.294743059657392e-05,0.0,0.03600680821149767,-0.0050000000000000044,0.0,0.0,0.0,0.0,0.014999999999999986,0.06349675132900177,0.028647371529828707,0.023331364441819255,0.04134672179562906,0.0318960425280567,0.013585351447135264,0.012699350265800354,0.0
2025-09-21 04:30:00,2025-09-21,9,3373,0.0007749777646012462,0.0,0.031363170654096634,-0.0009999999999999217,0.0,0.0,0.0,0.0,0.019999999999999952,0.06729914023124815,0.03379780610732286,0.023124814705010377,0.0429884375926475,0.031722502223539874,0.014230655203083309,0.012155351319300326,0.0
2025-09-21 05:00:00,2025-09-21,10,3341,8.956899131996383e-05,0.0,0.035786934208456446,-0.0040000000000000036,0.0,0.0,0.0,0.0,0.020000000000000018,0.06734510625561209,0.028434600419036216,0.02454354983537863,0.04250224483687519,0.03232565100269381,0.012271774917689314,0.014666267584555522,0.0
2025-09-21 05:30:00,2025-09-21,11,3583,0.0004675938847024535,0.0,0.035618171321781994,-0.015000000000000013,0.0,0.0,0.0,0.0,0.025000000000000022,0.07507675132570471,0.037119732068099355,0.03181691320122802,0.047725369801842034,0.04214345520513536,0.013954786491766676,0.014512977951437344,0.0
2025-09-21 06:00:00,2025-09-21,12,3730,-0.0003212689901697936,0.0,0.031662552773167464,-0.019999999999999907,0.0,0.0,0.0,0.0,0.024549999999999687,0.06943699731903485,0.03190348525469169,0.032171581769437,0.047453083109919574,0.042091152815013404,0.011260053619302948,0.013672922252010724,0.0
2025-09-21 06:30:00,2025-09-21,13,3773,-0.0006272933415790552,0.0,0.03683213790127054,-0.02999999999999996,0.0,0.0,0.0,0.0,0.039999999999999925,0.0906440498277233,0.040551285449244634,0.03949112112377418,0.06016432547044792,0.05009276437847866,0.014047177312483434,0.0198780811025709,0.0
2025-09-21 07:00:00,2025-09-21,14,4024,-0.0001451085155732267,0.0,0.04311861093795208,-0.04999999999999993,0.0,0.0,0.0,0.0035500000000003515,0.05320833333333328,0.10313121272365805,0.053429423459244535,0.04945328031809145,0.07306163021868788,0.06709741550695825,0.019135188866799206,0.024105367793240556,0.0
2025-09-21 07:30:00,2025-09-21,15,4253,0.0011947840739869892,0.0,0.049777412375481035,-0.055400000000000026,-0.004999999999999893,0.0,0.0,0.017333333333333485,0.07000000000000006,0.12344227604044204,0.06560075241006348,0.05407947331295556,0.0865271573007289,0.07406536562426523,0.030801786973900777,0.024218198918410535,0.0
2025-09-21 08:00:00,2025-09-21,16,4628,0.001922089575530587,0.0,0.05343071804861501,-0.0733333333333333,-0.012499999999999956,0.0,0.0,0.03666666666666666,0.08499999999999996,0.1508210890233362,0.08232497839239412,0.0628781331028522,0.11041486603284356,0.07649092480553155,0.03673292999135696,0.032843560933448576,0.0
2025-09-21 08:30:00,2025-09-21,17,4737,0.0009741796261112277,0.0,0.05143634667340285,-0.07200000000000006,-0.020000000000000018,0.0,0.0,0.036666666666666736,0.07500000000000007,0.15621701498838927,0.08275279712898459,0.06502005488705932,0.11294067975511927,0.08613046231792273,0.030610090774751953,0.033143339666455565,0.0
2025-09-21 09:00:00,2025-09-21,18,5456,7.150639459107224e-05,0.0,0.054275758776221865,-0.08031250000000006,-0.030000000000000027,0.0,0.0,0.036666666666666625,0.08250000000000002,0.16165689149560117,0.08192815249266862,0.07789589442815249,0.11345307917888563,0.10373900293255132,0.037573313782991204,0.03390762463343108,0.0
2025-09-21 09:30:00,2025-09-21,19,6003,-0.001118145094119607,0.0,0.06238009159033573,-0.10499999999999998,-0.052000000000000046,0.0,0.0,0.046666666666666634,0.09483333333333271,0.17624521072796934,0.09611860736298518,0.10178244211227719,0.12643678160919541,0.13193403298350825,0.047476261869065464,0.05297351324337831,0.0
2025-09-21 10:00:00,2025-09-21,20,6739,-0.00011946010783004353,0.0,0.06188124604912781,-0.09999999999999998,-0.05500000000000005,0.0,0.0,0.05499999999999994,0.10333333333333328,0.1926101795518623,0.10476331799970322,0.10743433743878913,0.1384478409259534,0.13681555126873424,0.05134292921798486,0.0498590295296038,0.0
2025-09-21 10:30:00,2025-09-21,21,6982,-0.0035151098857379285,0.0,0.06327819710068947,-0.10999999999999999,-0.06000000000000005,0.0,0.0,0.040000000000000036,0.09499999999999997,0.1695789172156975,0.08994557433400172,0.1144371240332283,0.11501002578057863,0.14823832712689775,0.0462618160985391,0.05643082211400745,0.0
2025-09-21 11:00:00,2025-09-21,22,6842,-0.003021858339945156,0.0,0.06478144466041448,-0.11499999999999999,-0.06499999999999995,0.0,0.0,0.050000000000000044,0.09999999999999998,0.18035662087109033,0.10143232972814967,0.11911721718795673,0.13007892429114293,0.1544869921075709,0.049546916106401634,0.06065477930429699,0.0
2025-09-21 11:30:00,2025-09-21,23,6813,-0.0010154875483144967,0.0,0.06271958286009481,-0.09999999999999995,-0.05500000000000005,0.0,0.0,0.050000000000000044,0.09499999999999997,0.1896374578012623,0.100543079407016,0.11052399823866138,0.1366505210626743,0.14736533098488183,0.04711580801409071,0.048143255540877734,0.0
2025-09-21 12:00:00,2025-09-21,24,7007,-0.0026801924266209977,0.0,0.06810009567212821,-0.12,-0.06500000000000006,0.0,0.0,0.05666666666666664,0.10499999999999998,0.1936634793777651,0.10960468103325247,0.12287712287712288,0.1391465677179963,0.15584415584415584,0.053232481803910374,0.06307977736549165,0.0
2025-09-21 12:30:00,2025-09-21,25,6881,-0.0033064719275299127,0.0,0.06663386833505044,-0.11499999999999999,-0.06333333333333335,0.0,0.0,0.050000000000000044,0.09750000000000003,0.19241389332945794,0.10260136608051156,0.11829675919197791,0.13980526086324663,0.15550065397471297,0.047522162476384244,0.05929370730998401,0.0
2025-09-21 13:00:00,2025-09-21,26,6794,-0.004203590294424119,0.0,0.06786283638132544,-0.11695833333333337,-0.06500000000000006,0.0,0.0,0.04750000000000006,0.10000000000000009,0.18324992640565205,0.09788048277892258,0.12143067412422726,0.13085075066234914,0.15911098027671475,0.050338534000588755,0.06343832793641449,0.0
2025-09-21 13:30:00,2025-09-21,27,7211,-0.001940056087150803,0.0,0.06671789838627017,-0.11499999999999999,-0.06499999999999995,0.0,0.0,0.05600000000000005,0.10666666666666658,0.19747607821383997,0.10886146165580364,0.12078768548051588,0.14186659270558868,0.15642767993343504,0.05394536125364027,0.060601858272084315,0.0
2025-09-21 14:00:00,2025-09-21,28,7037,-0.0023091299164732446,0.0,0.06910986628543526,-0.11499999999999999,-0.06500000000000006,0.0,0.0,0.057499999999999996,0.1066666666666668,0.19681682535171238,0.11084268864572971,0.12434275969873526,0.13997442091800483,0.1588745203922126,0.054852920278527784,0.06153190279948842,0.0
2025-09-21 14:30:00,2025-09-21,29,7158,-0.0014036171095056255,0.0,0.06148282627012806,-0.09999999999999999,-0.053333333333333344,0.0,0.0,0.04749999999999999,0.09499999999999997,0.17714445375803298,0.09709416037999441,0.10491757474154792,0.12824811399832356,0.13635093601564682,0.04484492875104778,0.050013970382788486,0.0
2025-09-21 15:00:00,2025-09-21,30,7175,-0.001735278745644599,0.0,0.0617188199927441,-0.1025,-0.05666666666666664,0.0,0.0,0.04999999999999993,0.09999999999999998,0.17742160278745644,0.09853658536585366,0.10954703832752613,0.12445993031358885,0.14174216027874564,0.04836236933797909,0.05142857142857143,0.0
2025-09-21 15:30:00,2025-09-21,31,7012,-0.0010071128066172278,0.0,0.06220418347818653,-0.10249999999999998,-0.046666666666666745,0.0,0.0,0.04499999999999993,0.10000000000000009,0.18040501996577296,0.09255561893896178,0.09597832287507131,0.12321734169994296,0.1266400456360525,0.05034227039361095,0.05062749572162008,0.0
2025-09-21 16:00:00,2025-09-21,32,7225,-0.001592222222222222,0.0,0.06359583735951024,-0.10333333333333337,-0.05500000000000001,0.0,0.0,0.050000000000000044,0.09749999999999996,0.17993079584775087,0.10062283737024222,0.10726643598615918,0.12692041522491349,0.1402076124567474,0.046782006920415224,0.0528719723183391,0.0
2025-09-21 16:30:00,2025-09-21,33,7103,-0.0014420158931280984,0.0,0.06303716677547146,-0.10974999999999982,-0.05500000000000005,0.0,0.0,0.050000000000000044,0.09750000000000003,0.1875263972969168,0.1017879769111643,0.10615233000140785,0.13473180346332536,0.13796987188511897,0.04744474165845417,0.05504716317049134,0.0
2025-09-21 17:00:00,2025-09-21,34,6915,0.0013211858279103391,0.0,0.06127457123383613,-0.09549999999999997,-0.04750000000000002,0.0,0.0,0.05499999999999994,0.10333333333333335,0.19725234996384672,0.10788141720896602,0.09746926970354303,0.1398409255242227,0.12769342010122922,0.05234996384671005,0.047433116413593636,0.0
2025-09-21 17:30:00,2025-09-21,35,7195,0.0006717434947108336,0.0,0.06315388170443127,-0.09999999999999998,-0.050000000000000044,0.0,0.0,0.05358333333333347,0.10999999999999999,0.1901320361362057,0.10674079221681723,0.1014593467685893,0.1407922168172342,0.13509381514940932,0.05573314801945796,0.048227936066712995,0.0
2025-09-21 18:00:00,2025-09-21,36,7122,9.376072576367424e-05,0.0,0.06424056150262275,-0.10666666666666658,-0.05499999999999994,0.0,0.0,0.05999999999999994,0.10333333333333339,0.20275203594495927,0.11485537770289245,0.10516708789665824,0.14574557708508845,0.14055040718899187,0.05279415894411682,0.05377702892445942,0.0
2025-09-21 18:30:00,2025-09-21,37,7402,0.0010436556186015796,0.0,0.06547887144562461,-0.09999999999999998,-0.050000000000000044,0.0,0.0,0.05499999999999994,0.10499999999999998,0.1992704674412321,0.10861929208322076,0.10240475547149419,0.14401513104566332,0.13415293164009728,0.05295865982166982,0.04944609564982437,0.0
2025-09-21 19:00:00,2025-09-21,38,6887,-0.00017764750012100086,0.0,0.06246486989470256,-0.09999999999999998,-0.050000000000000044,0.0,0.0,0.050000000000000044,0.09999999999999998,0.18759982575867576,0.10193117467692754,0.10033396253811529,0.13271380862494556,0.1301001887614346,0.047190358646725716,0.04922317409612313,0.0
2025-09-21 19:30:00,2025-09-21,39,6334,-0.0016515301020945164,0.0,0.058972645706013696,-0.09999999999999998,-0.04962499999999989,0.0,0.0,0.040000000000000036,0.09000000000000008,0.16293021787180298,0.08920113672245027,0.09662140827281339,0.11430375749921061,0.12503946952952322,0.04341648247552889,0.04799494790022103,0.0
2025-09-21 20:00:00,2025-09-21,40,5870,0.0009486584327086882,0.0,0.05732373635735137,-0.08887500000000002,-0.03500000000000003,0.0,0.0,0.04500000000000004,0.09000000000000008,0.1737649063032368,0.09352640545144804,0.0817717206132879,0.12640545144804088,0.11141396933560477,0.04361158432708688,0.042078364565587736,0.0
2025-09-21 20:30:00,2025-09-21,41,5789,0.0010524054240801525,0.0,0.05629153563967135,-0.08358333333333337,-0.036666666666666625,0.0,0.0,0.04500000000000004,0.08666666666666663,0.1710139920538953,0.09120746242874417,0.0796337882190361,0.12143720849887718,0.11280013819312489,0.04283986871653135,0.03903955778200035,0.0
2025-09-21 21:00:00,2025-09-21,42,5570,0.003184178635547576,0.0,0.054068674975924644,-0.06712500000000006,-0.025000000000000022,0.0,0.0,0.043333333333333335,0.09250000000000003,0.17127468581687613,0.09138240574506283,0.06912028725314183,0.12046678635547577,0.0940754039497307,0.04326750448833034,0.02926391382405745,0.0
2025-09-21 21:30:00,2025-09-21,43,5390,0.0027657957122242845,0.0,0.052020210210207474,-0.06999999999999995,-0.023333333333333216,0.0,0.0,0.04249999999999998,0.0842500000000003,0.16215213358070502,0.09109461966604823,0.0653061224489796,0.11892393320964749,0.09035250463821892,0.039332096474953615,0.0339517625231911,0.0
2025-09-21 22:00:00,2025-09-21,44,5125,0.0003831978319783195,0.0,0.050181966324042294,-0.07316666666666673,-0.025000000000000022,0.0,0.0,0.030000000000000027,0.0747500000000002,0.14458536585365853,0.07239024390243902,0.06770731707317074,0.10185365853658536,0.09521951219512195,0.03336585365853659,0.03414634146341464,0.0
2025-09-21 22:30:00,2025-09-21,45,4768,0.0009611210151006711,0.0,0.048857454576472496,-0.06000000000000005,-0.012749999999999963,0.0,0.0,0.022499999999999964,0.07500000000000007,0.13108221476510068,0.07046979865771812,0.05641778523489933,0.09291107382550336,0.07927852348993289,0.032508389261744965,0.02957214765100671,0.0
2025-09-21 23:00:00,2025-09-21,46,4353,0.0003805357735405977,0.0,0.045077530706037316,-0.04500000000000004,0.0,0.0,0.0,0.004999999999999982,0.05500000000000005,0.1019986216402481,0.055823569951757405,0.04709395818975419,0.07328279347576384,0.06363427521249714,0.024810475534114404,0.02526992878474615,0.0
2025-09-21 23:30:00,2025-09-21,47,4170,0.0006699640287769786,0.0,0.03969914682106798,-0.03999999999999998,0.0,0.0,0.0,0.0,0.050000000000000044,0.0920863309352518,0.0513189448441247,0.04244604316546763,0.06882494004796164,0.05755395683453238,0.02158273381294964,0.018465227817745802,0.0
2025-09-22 00:00:00,2025-09-22,0,3345,0.002340475004152135,0.0,0.0746379878933088,-0.08499999999999996,-0.020000000000000018,0.0,0.0,0.043333333333333446,0.09999999999999998,0.14917787742899852,0.09596412556053811,0.07085201793721974,0.11659192825112108,0.09177877428998506,0.049626307922272045,0.040657698056801195,0.0
2025-09-22 00:30:00,2025-09-22,1,3247,0.001860129741250776,0.0,0.07994433009719162,-0.09000000000000005,-0.0013333333333333105,0.0,0.0,0.03374999999999995,0.10258333333333292,0.13858946720049276,0.08376963350785341,0.06652294425623653,0.10655990144748999,0.08346165691407453,0.05050816137973514,0.04373267631659994,0.0
2025-09-22 01:00:00,2025-09-22,2,3159,0.003326146761331946,0.0,0.07795814451712418,-0.07597619047619057,0.0,0.0,0.0,0.03249999999999997,0.10145238095238084,0.13421968977524534,0.08293763849319405,0.06362773029439696,0.10604621715732827,0.0788224121557455,0.050332383665717,0.03956948401392846,0.0
2025-09-22 01:30:00,2025-09-22,3,3103,-0.001222892336653213,0.0,0.06927382924113636,-0.09724999999999992,0.0,0.0,0.0,0.0050000000000000044,0.06492857142857111,0.10377054463422494,0.06219787302610377,0.06638736706413148,0.07412181759587495,0.07541089268449887,0.03802771511440541,0.04930712213986465,0.0
2025-09-22 02:00:00,2025-09-22,4,2911,-0.0012427409988385605,0.0,0.06315895017305598,-0.05000000000000002,0.0,0.0,0.0,0.0,0.05614583333333334,0.09687392648574374,0.054276880796976984,0.05015458605290278,0.0724836825833047,0.06046032291308828,0.027138440398488492,0.035726554448643075,0.0
2025-09-22 02:30:00,2025-09-22,5,3004,0.00045125238658860414,0.0,0.05409651029665659,-0.018535714285714298,0.0,0.0,0.0,0.0,0.0477777777777777,0.09087882822902796,0.048934753661784285,0.0396138482023968,0.06757656458055926,0.04760319573901465,0.02796271637816245,0.02696404793608522,0.0
2025-09-22 03:00:00,2025-09-22,6,3027,0.0009452279572035106,0.0,0.05310404734420581,-0.029399999999999926,0.0,0.0,0.0,0.0,0.051666666666666715,0.08787578460521969,0.05219689461513049,0.040634291377601585,0.06673273868516683,0.04988437396762471,0.02312520647505781,0.027750247770069375,0.0
2025-09-22 03:30:00,2025-09-22,7,3031,-7.102096676494009e-06,0.0,0.05513645148603392,-0.024365079365079312,0.0,0.0,0.0,0.0,0.04999999999999993,0.08874958759485319,0.0488287693830419,0.036291652919828436,0.06433520290333224,0.046519300560871,0.026064005278785878,0.02441438469152095,0.0
2025-09-22 04:00:00,2025-09-22,8,2970,5.3346961680295124e-05,0.0,0.05575650414117121,-0.019437499999999948,0.0,0.0,0.0,0.0,0.028370535714285064,0.07138047138047138,0.038047138047138045,0.037037037037037035,0.04814814814814815,0.04410774410774411,0.022895622895622896,0.023232323232323233,0.0
2025-09-22 04:30:00,2025-09-22,9,2917,0.00217220480924629,0.0,0.04915027016856196,-0.010000000000000009,0.0,0.0,0.0,0.0,0.03604999999999998,0.06890641069592046,0.0414809736030168,0.025368529310935892,0.053822420294823446,0.03462461432979088,0.01988344189235516,0.01748371614672609,0.0
2025-09-22 21:00:00,2025-09-22,42,4984,-0.0025022155553857004,0.0,0.11240569647904392,-0.19000000000000006,-0.11500000000000007,-0.01666666666666672,0.02124999999999988,0.11087499999999978,0.17499999999999993,0.29052969502407705,0.19081059390048155,0.19040930979133228,0.23354735152487963,0.2241171749598716,0.11376404494382023,0.11496789727126806,0.0379166666666666
2025-09-22 21:30:00,2025-09-22,43,5125,-0.0034581536327268035,0.0,0.10664731182480007,-0.1825,-0.11555555555555552,-0.010000000000000009,0.018000000000000016,0.09847619047619051,0.1516190476190476,0.2881951219512195,0.17658536585365853,0.1793170731707317,0.22263414634146342,0.21346341463414634,0.09736585365853659,0.11453658536585366,0.028000000000000025
2025-09-22 22:00:00,2025-09-22,44,4784,0.002994609456565979,0.0,0.10142432183551756,-0.16666666666666674,-0.09500000000000007,0.0,0.01861607142857144,0.10888888888888892,0.17000000000000012,0.2807274247491639,0.18520066889632106,0.16617892976588627,0.22784280936454848,0.19690635451505017,0.1076505016722408,0.09510869565217392,0.01861607142857144
2025-09-22 22:30:00,2025-09-22,45,4486,0.0004212508875348818,0.0,0.10201468593209836,-0.16999999999999993,-0.09458333333333335,0.0,0.0033333333333332993,0.09267857142857144,0.15624999999999997,0.253678109674543,0.161836825679893,0.14690147124386982,0.1997325011145787,0.1794471689701293,0.09094962104324565,0.09451627284886313,0.0033333333333332993
2025-09-22 23:00:00,2025-09-22,46,4138,-0.0017524078357512385,0.0,0.09428747760192482,-0.15131249999999996,-0.08000000000000007,0.0,0.0,0.07999999999999996,0.14,0.22281295311744803,0.13798936684388594,0.13363943934267764,0.1708554857419043,0.16191396810053166,0.0778153697438376,0.08264862252295795,0.0
2025-09-22 23:30:00,2025-09-22,47,3886,0.0035505860475945395,0.0,0.08966200163005998,-0.12083333333333329,-0.05624999999999997,0.0,0.0,0.08267857142857149,0.14,0.22285126093669583,0.1363870303654143,0.10679361811631498,0.16855378281008748,0.1294390118373649,0.08131755018013381,0.06227483273288729,0.0
2025-09-23 00:00:00,2025-09-23,0,3595,-0.00020943108815153262,0.0,0.0851585272349652,-0.1275,-0.05074999999999992,0.0,0.0,0.06000000000000005,0.12,0.16995827538247565,0.11154381084840055,0.10319888734353268,0.13546592489568846,0.12239221140472879,0.062308762169680114,0.06203059805285118,0.0
2025-09-23 00:30:00,2025-09-23,1,3428,-0.00048260473967883476,0.0,0.07875237815615248,-0.11,-0.02999999999999995,0.0,0.0,0.039999999999999925,0.10000000000000009,0.14469078179696615,0.088098016336056,0.08430571761960327,0.11260210035005834,0.1000583430571762,0.05105017502917153,0.05513418903150525,0.0
2025-09-23 01:00:00,2025-09-23,2,3323,-0.002535465896660601,0.0,0.07752179391995266,-0.10999999999999999,-0.0276190476190476,0.0,0.0,0.030000000000000027,0.09487499999999952,0.13060487511284982,0.08305747818236534,0.08305747818236534,0.1023171832681312,0.0990069214565152,0.04544086668672886,0.05416792055371652,0.0
2025-09-23 01:30:00,2025-09-23,3,3263,-0.0006651726427622845,0.0,0.07020080568488539,-0.07487499999999993,-0.005571428571428528,0.0,0.0,0.015000000000000102,0.07491666666666633,0.11615078148942691,0.06772908366533864,0.06159975482684646,0.08856880171621208,0.07845540913269997,0.03401777505363163,0.03677597303095311,0.0
2025-09-23 02:00:00,2025-09-23,4,3189,0.0003852118144215978,0.0,0.07028653180953938,-0.06100000000000005,0.0,0.0,0.0,0.0121714285714288,0.07449999999999986,0.1088115396676074,0.06491063029162747,0.05675760426465977,0.08372530573847602,0.07463154593916588,0.03292568203198495,0.03073063656318595,0.0
2025-09-23 02:30:00,2025-09-23,5,3184,-0.0019364709626173199,0.0,0.06042719347909156,-0.06491666666666666,0.0,0.0,0.0,0.0,0.06000000000000004,0.0992462311557789,0.05778894472361809,0.05559045226130653,0.07569095477386935,0.06815326633165829,0.024811557788944723,0.034547738693467334,0.0
2025-09-23 03:00:00,2025-09-23,6,3131,-0.0010899179395666137,0.0,0.06708862391711777,-0.05285714285714291,0.0,0.0,0.0,0.0,0.05541666666666667,0.09230277866496327,0.05365697860108592,0.05269881826892367,0.06739061002874482,0.06483551580964549,0.03129990418396678,0.030980517406579366,0.0
2025-09-23 03:30:00,2025-09-23,7,3141,-0.001081123904866344,0.0,0.05816122360138106,-0.05799999999999994,0.0,0.0,0.0,0.0,0.05500000000000005,0.09964979305953518,0.0518943011779688,0.05348615090735435,0.0659025787965616,0.06462909901305317,0.029926774912448266,0.03533906399235912,0.0
2025-09-23 04:00:00,2025-09-23,8,3056,-0.001223467495636999,0.0,0.06204719574226101,-0.04500000000000004,0.0,0.0,0.0,0.0,0.040000000000000036,0.08082460732984294,0.044829842931937175,0.04842931937172775,0.057264397905759164,0.05824607329842932,0.026832460732984294,0.031086387434554975,0.0
2025-09-23 04:30:00,2025-09-23,9,3093,0.0008516061613782274,0.0,0.05195774063297261,-0.02114285714285711,0.0,0.0,0.0,0.0,0.049999999999999954,0.08600064662140317,0.04881991593921759,0.036210798577432916,0.06886517943743937,0.04655674102812803,0.02295505981247979,0.02263174911089557,0.0
2025-09-23 05:00:00,2025-09-23,10,3072,0.0009366125682043657,0.0,0.0623518011007363,-0.021910714285714297,0.0,0.0,0.0,0.0,0.055749999999999765,0.0927734375,0.056640625,0.038736979166666664,0.0654296875,0.048502604166666664,0.031575520833333336,0.0283203125,0.0
2025-09-23 05:30:00,2025-09-23,11,3211,-0.001816436431314974,0.0,0.06381405973498067,-0.07000000000000006,0.0,0.0,0.0,0.009999999999999898,0.07000000000000006,0.10588601681719091,0.06353161009031455,0.05948302709436313,0.08221737776393646,0.0728744939271255,0.02802865151043289,0.03737153534724385,0.0
2025-09-23 06:00:00,2025-09-23,12,3408,0.0002961277502980857,0.0,0.07158486417854197,-0.08999999999999997,-0.015300000000000046,0.0,0.0,0.03500000000000003,0.09333333333333334,0.14231220657276994,0.08538732394366197,0.07511737089201878,0.10710093896713616,0.09154929577464789,0.04518779342723005,0.0448943661971831,0.0
2025-09-23 06:30:00,2025-09-23,13,3877,0.0023181624128458017,0.0,0.08810079703452328,-0.12771428571428567,-0.05999999999999994,0.0,0.0,0.07000000000000006,0.14,0.20118648439515088,0.1338663915398504,0.11116842919783337,0.16327057002837245,0.134640185710601,0.07583182873355687,0.06448284756254836,0.0
2025-09-23 07:00:00,2025-09-23,14,4492,0.010755563462027731,0.0,0.10622910849363053,-0.14500000000000002,-0.07795,0.0,0.020000000000000018,0.12333333333333339,0.19158749999999986,0.28784505788067677,0.1952359750667854,0.13201246660730187,0.23219056099732857,0.16028495102404275,0.12444345503116652,0.07569011576135352,0.020000000000000018
2025-09-23 07:30:00,2025-09-23,15,5153,0.03127690315242469,0.0,0.14061162553530626,-0.17626666666666663,-0.09499999999999997,0.0,0.07666666666666655,0.19333333333333333,0.29666666666666663,0.3918105957694547,0.2978847273432952,0.1447700368717252,0.33786143993790024,0.17193867649912672,0.20706384630312438,0.09353774500291093,0.07666666666666655
2025-09-23 08:00:00,2025-09-23,16,5840,0.02692659171830833,0.0,0.1425564698909132,-0.195,-0.1149999999999999,-0.0024999999999999467,0.07799999999999996,0.19874999999999998,0.2766927083333335,0.41113013698630135,0.3071917808219178,0.1731164383561644,0.34965753424657536,0.2029109589041096,0.2107876712328767,0.11421232876712328,0.0804999999999999
2025-09-23 08:30:00,2025-09-23,17,6146,0.021048286503287727,0.0,0.1377899737686277,-0.188,-0.12,-0.010000000000000009,0.07000000000000006,0.18000000000000005,0.25500000000000006,0.40790758216726325,0.2931988285063456,0.1856492027334852,0.3379433778067035,0.21656361861373252,0.20029287341360233,0.12007809957696063,0.08000000000000007
2025-09-23 09:00:00,2025-09-23,18,6230,0.015838816434813628,0.0,0.1309957687866478,-0.19000000000000006,-0.12,-0.017142857142857126,0.06000000000000005,0.16314583333333338,0.24,0.38940609951845906,0.2735152487961477,0.192776886035313,0.32407704654895664,0.2274478330658106,0.17913322632423756,0.12150882825040128,0.07714285714285718
2025-09-23 09:30:00,2025-09-23,19,6075,0.003872517636684303,0.0,0.12966114797243958,-0.2185333333333333,-0.14,-0.028285714285714247,0.04999999999999993,0.1449999999999999,0.21120000000000005,0.3588477366255144,0.24938271604938272,0.21432098765432098,0.29728395061728397,0.24790123456790122,0.15275720164609052,0.14189300411522635,0.07828571428571418
2025-09-23 10:00:00,2025-09-23,20,6072,0.006090440997710018,0.0,0.12511363604608522,-0.20499999999999996,-0.12666666666666665,-0.02799999999999994,0.04678571428571432,0.14851428571428604,0.21772499999999995,0.3606719367588933,0.24472990777338605,0.20816864295125165,0.29183135704874835,0.24670619235836627,0.1564558629776021,0.1286231884057971,0.07478571428571426
2025-09-23 10:30:00,2025-09-23,21,6083,0.0020601875771405604,0.0,0.12553308242388653,-0.20999999999999996,-0.13278571428571423,-0.030000000000000027,0.04833333333333334,0.1399999999999999,0.20000000000000007,0.3568962682886734,0.24593128390596744,0.2132171625842512,0.2949202696038139,0.2503698832812757,0.14795331251027455,0.13529508466217327,0.07833333333333337
2025-09-23 11:00:00,2025-09-23,22,6140,0.0023353670096341113,0.0,0.13059339820589563,-0.22881250000000003,-0.14,-0.02857142857142861,0.04999999999999999,0.14012500000000047,0.20505000000000023,0.3628664495114006,0.2495114006514658,0.21009771986970685,0.2939739413680782,0.24657980456026057,0.154071661237785,0.13648208469055376,0.0785714285714286
2025-09-23 11:30:00,2025-09-23,23,6105,0.00388821375488042,0.0,0.12991006446885933,-0.22133333333333338,-0.1300000000000001,-0.022499999999999964,0.053333333333333344,0.1466666666666666,0.20999999999999996,0.36887796887796886,0.2542178542178542,0.2018018018018018,0.29828009828009827,0.238001638001638,0.1624897624897625,0.1325143325143325,0.07583333333333331
2025-09-23 12:00:00,2025-09-23,24,6227,0.0002980041154623608,0.0,0.13539824904808012,-0.22999999999999998,-0.14539999999999995,-0.03875000000000001,0.04500000000000004,0.15000000000000002,0.21793333333333326,0.3557090091536856,0.2423317809539104,0.2299662758952947,0.28520957122209734,0.26658101814678015,0.159145656014132,0.1496707885016862,0.08375000000000005
2025-09-23 12:30:00,2025-09-23,25,6231,-0.008350919334459297,0.0,0.14763952925063342,-0.26999999999999996,-0.1725000000000001,-0.050000000000000044,0.04499999999999993,0.1478571428571428,0.21999999999999997,0.33702455464612424,0.23720109131760553,0.25292890386775796,0.2802118440057776,0.2932113625421281,0.1523030011234152,0.17124057133686407,0.09499999999999997
2025-09-23 13:00:00,2025-09-23,26,6152,-0.009960681421192231,0.0,0.15028792290863677,-0.2953214285714286,-0.18666666666666673,-0.047625000000000056,0.043333333333333335,0.14800000000000002,0.21999999999999995,0.33907672301690506,0.23845903771131338,0.24479843953185956,0.2779583875162549,0.28283485045513657,0.15783485045513654,0.17506501950585177,0.09095833333333339
2025-09-23 13:30:00,2025-09-23,27,5975,-0.003276692900312148,0.0,0.14915532672502366,-0.27,-0.1725,-0.040000000000000036,0.050000000000000044,0.15750000000000003,0.23430000000000026,0.35916317991631797,0.25271966527196654,0.23665271966527196,0.29372384937238494,0.2709623430962343,0.1697071129707113,0.16769874476987448,0.09000000000000008
2025-09-23 14:00:00,2025-09-23,28,5727,0.008352032699465911,0.0,0.14247300964715442,-0.23000000000000007,-0.13813333333333339,-0.015000000000000041,0.05999999999999994,0.16399999999999998,0.23856249999999998,0.3740178103719225,0.2682032477737035,0.1999301554042256,0.31307840055875674,0.23048716605552647,0.179500611140213,0.13707001920726383,0.07499999999999998
2025-09-23 14:30:00,2025-09-23,29,5393,0.01637933542599313,0.0,0.13266409780801086,-0.20333333333333334,-0.12,0.0,0.06499999999999995,0.16749999999999998,0.23179999999999984,0.3853142963100315,0.275727795290191,0.1746708696458372,0.321898757648804,0.20118672353050251,0.1815316150565548,0.11514926756907101,0.06499999999999995
2025-09-23 15:00:00,2025-09-23,30,4933,0.030739540799088742,0.0,0.13663085009600995,-0.18939999999999996,-0.08599999999999997,0.0,0.08250000000000002,0.19211428571428568,0.2745714285714283,0.3993513075207784,0.3073180620312183,0.13541455503750252,0.34421244678694507,0.1619704034056355,0.21852827893776605,0.08980336509223596,0.08250000000000002
2025-09-23 15:30:00,2025-09-23,31,4719,0.03539809236778933,0.0,0.13563797264665728,-0.15755,-0.07999999999999996,0.0,0.08333333333333337,0.20649999999999982,0.2799999999999999,0.39754185208730664,0.31299004026276755,0.12248357702903158,0.34689552871371054,0.14664123755032846,0.22504767959313413,0.08561135833863107,0.08333333333333337
2025-09-23 16:00:00,2025-09-23,32,4499,0.04373316696773298,0.0,0.13280784991619646,-0.13,-0.05333333333333323,0.0,0.0943303571428572,0.20500000000000007,0.29000000000000004,0.4074238719715492,0.3256279173149589,0.10291175816848189,0.3629695487886197,0.12091575905756835,0.23738608579684375,0.06534785507890642,0.0943303571428572
2025-09-23 16:30:00,2025-09-23,33,4404,0.03896280955804968,0.0,0.13466082905033727,-0.15585000000000004,-0.06000000000000004,0.0,0.08174999999999988,0.2005555555555555,0.2849166666666664,0.4028156221616712,0.31721162579473206,0.10717529518619437,0.35263396911898276,0.12443233424159855,0.21889191643960038,0.07470481380563125,0.08174999999999988
2025-09-23 17:00:00,2025-09-23,34,4233,0.034904991425396575,0.0,0.13196644395758625,-0.1578333333333333,-0.05999999999999994,0.0,0.07800000000000001,0.19166666666666665,0.2704999999999997,0.38601464682258446,0.29978738483345146,0.1081974958658162,0.3416017009213324,0.12756909992912827,0.20600047247814787,0.07417906921804866,0.07800000000000001
2025-09-23 17:30:00,2025-09-23,35,4063,0.040643376492856556,0.0,0.13168507600727083,-0.1274166666666666,-0.04159999999999994,0.0,0.07999999999999996,0.20000000000000007,0.29000000000000004,0.377061284764952,0.30027073590942654,0.09500369185331037,0.33768151612109276,0.10977110509475757,0.21929608663549102,0.061038641397981784,0.07999999999999996
2025-09-23 18:00:00,2025-09-23,36,4271,0.04383423325949959,0.0,0.13348892635612242,-0.13,-0.040000000000000036,0.0,0.09333333333333335,0.20875,0.29000000000000004,0.40810114727230157,0.3277920861624912,0.09248419573870288,0.3622102552095528,0.11308826972605947,0.2360103020369937,0.061578084757667996,0.09333333333333335
2025-09-23 18:30:00,2025-09-23,37,4229,0.045410577522173055,0.0,0.13359938174947142,-0.1214444444444444,-0.03822222222222209,0.0,0.09333333333333338,0.20999999999999996,0.29000000000000004,0.4183021991014424,0.32962875384251594,0.08961929534168835,0.3646252069047056,0.10759044691416411,0.2385906833766848,0.059825017734689054,0.09333333333333338
2025-09-23 19:00:00,2025-09-23,38,4078,0.038372171800031656,0.0,0.12185732846245469,-0.11021428571428575,-0.03059999999999998,0.0,0.07571428571428573,0.18777777777777782,0.2587857142857138,0.3756743501716528,0.2986758214811182,0.08263854830799411,0.3293281020107896,0.10250122609122118,0.20769985286905346,0.055174104953408534,0.07571428571428573
2025-09-23 19:30:00,2025-09-23,39,3957,0.026635961336349892,0.0,0.10027183458176787,-0.09590476190476184,-0.02333333333333325,0.0,0.046666666666666634,0.15000000000000002,0.20999999999999996,0.3260045489006823,0.24437705332322465,0.07530957796310336,0.2807682587819055,0.09426333080616629,0.15744250694970938,0.04877432398281526,0.046666666666666634
2025-09-23 20:00:00,2025-09-23,40,3759,0.018563611353914624,0.0,0.08947869810671946,-0.08623333333333334,-0.015000000000000013,0.0,0.020000000000000018,0.12000000000000002,0.17253571428571424,0.2825219473264166,0.20271348762968874,0.0670391061452514,0.23623304070231443,0.08406491088055335,0.1263633945198191,0.04203245544027667,0.020000000000000018
2025-09-23 20:30:00,2025-09-23,41,3654,0.01852689630556352,0.0,0.09288933721160444,-0.07999999999999997,-0.005399999999999982,0.0,0.011499999999999955,0.12159523809523819,0.18500000000000005,0.2654625068418172,0.1959496442255063,0.06376573617952928,0.22495894909688013,0.07881773399014778,0.12479474548440066,0.042966611932129174,0.011499999999999955
2025-09-23 21:00:00,2025-09-23,42,3600,0.013925758744855968,0.0,0.0887517321971651,-0.07341666666666662,-0.005100000000000071,0.0,0.0,0.1066666666666667,0.16666666666666663,0.24222222222222223,0.16916666666666666,0.06638888888888889,0.20027777777777778,0.08166666666666667,0.10777777777777778,0.04111111111111111,0.0
2025-09-23 21:30:00,2025-09-23,43,3451,0.012776710780097482,0.0,0.07975377055725431,-0.06722222222222224,0.0,0.0,0.0,0.08999999999999997,0.14984375000000005,0.22862938278759778,0.15212981744421908,0.05737467400753405,0.18487394957983194,0.07041437264560997,0.08895972181976239,0.036511156186612576,0.0
2025-09-23 22:00:00,2025-09-23,44,3458,0.014463628546335311,0.0,0.08164953852864539,-0.06339583333333333,0.0,0.0,0.0,0.09516666666666682,0.16510714285714262,0.22180451127819548,0.15644881434355118,0.05696934644303065,0.18768074031231927,0.06795835743204165,0.09629843840370156,0.035569693464430306,0.0
2025-09-23 22:30:00,2025-09-23,45,3339,0.010648243026537425,0.0,0.07023935853461216,-0.04288392857142863,0.0,0.0,0.0,0.07666666666666669,0.130111111111111,0.19227313566936208,0.1308775082359988,0.045223120694818805,0.1569332135369871,0.05989817310572028,0.07607067984426474,0.02845163222521713,0.0
2025-09-23 23:00:00,2025-09-23,46,3259,0.009754737998639502,0.0,0.0664647888760038,-0.0438035714285715,0.0,0.0,0.0,0.06333333333333338,0.1275277777777778,0.1749002761583308,0.11997545259281989,0.04664007364222154,0.14575023013194233,0.06075483277078859,0.06842589751457502,0.027922675667382633,0.0
2025-09-23 23:30:00,2025-09-23,47,3203,0.006841185594854031,0.0,0.06389517564116186,-0.037464285714285686,0.0,0.0,0.0,0.050000000000000044,0.10999999999999999,0.14673743365594755,0.10084295972525757,0.04433343740243522,0.12144864189822042,0.05463627848891664,0.05838276615672807,0.025288791757727132,0.0
2025-09-24 00:00:00,2025-09-24,0,3026,0.004754119719048668,0.0,0.060664709669673564,-0.020000000000000018,0.0,0.0,0.0,0.012678571428571372,0.07625000000000007,0.10806345009914078,0.06543291473892927,0.0356906807666887,0.08129543952412426,0.04560475875743556,0.03965631196298744,0.020819563780568408,0.0
2025-09-24 00:30:00,2025-09-24,1,2973,0.005596185110438389,0.0,0.05623543395244227,0.0,0.0,0.0,0.0,0.0036666666666667607,0.07000000000000006,0.10124453414059872,0.06289942818701648,0.022872519340733265,0.08072653884964683,0.027581567440296,0.03969054826774302,0.016145307769929364,0.0
2025-09-24 01:00:00,2025-09-24,2,2983,0.002738947288603675,0.0,0.0543798617086923,0.0,0.0,0.0,0.0,0.0,0.04999999999999998,0.08716057660073752,0.04927924907810929,0.026148172980221252,0.06604089842440496,0.030841434797184042,0.029165269862554476,0.016761649346295676,0.0
2025-09-24 01:30:00,2025-09-24,3,2952,0.004240551872284596,0.0,0.056110763590239664,0.0,0.0,0.0,0.0,0.0,0.04921428571428549,0.08130081300813008,0.05013550135501355,0.019308943089430895,0.06266937669376693,0.028116531165311653,0.0260840108401084,0.012533875338753388,0.0
2025-09-24 02:00:00,2025-09-24,4,2865,0.003451809606914319,0.0,0.04425339199045631,0.0,0.0,0.0,0.0,0.0,0.026249999999999996,0.06352530541012216,0.035951134380453754,0.01780104712041885,0.046771378708551484,0.02443280977312391,0.02024432809773124,0.011169284467713788,0.0
2025-09-24 02:30:00,2025-09-24,5,2895,0.00248894600250386,0.0,0.04627921944474132,0.0,0.0,0.0,0.0,0.0,0.024611111111110844,0.06735751295336788,0.0383419689119171,0.02141623488773748,0.048013816925734025,0.027633851468048358,0.02141623488773748,0.015889464594127805,0.0
2025-09-24 03:00:00,2025-09-24,6,2837,0.0032993949939667247,0.0,0.04439629463060283,0.0,0.0,0.0,0.0,0.0,0.03204444444444441,0.06415227352837505,0.03806838209376102,0.01691928093056045,0.05111032781106803,0.01903419104688051,0.022206556221360592,0.011279520620373634,0.0
2025-09-24 03:30:00,2025-09-24,7,2773,0.0016191389666416708,0.0,0.038555269777408294,0.0,0.0,0.0,0.0,0.0,0.0,0.04868373602596466,0.029570861882437793,0.016588532275513886,0.03642264695275874,0.02163721601153985,0.017670393076090876,0.010457987738910927,0.0
2025-09-24 04:00:00,2025-09-24,8,2758,0.0013152560516592419,0.0,0.042043757219734024,0.0,0.0,0.0,0.0,0.0,0.0,0.04133430021754895,0.025380710659898477,0.015228426395939087,0.032269760696156634,0.01704133430021755,0.016678752719361856,0.010514865844815084,0.0
2025-09-24 04:30:00,2025-09-24,9,2749,0.001875038975211766,0.0,0.04371020240525052,0.0,0.0,0.0,0.0,0.0,0.0,0.04983630411058567,0.029829028737722807,0.014186977082575483,0.03783193888686795,0.01746089487086213,0.016369588941433248,0.011276827937431793,0.0
2025-09-24 05:00:00,2025-09-24,10,2732,0.0016155463466499343,0.0,0.034374256817302024,0.0,0.0,0.0,0.0,0.0,0.0,0.045021961932650074,0.02452415812591508,0.012079062957540264,0.028184480234260616,0.014275256222547585,0.012079062957540264,0.008052708638360176,0.0
2025-09-24 05:30:00,2025-09-24,11,2720,0.0018541221697012142,0.0,0.04693770083658129,0.0,0.0,0.0,0.0,0.0,0.01666666666666672,0.05698529411764706,0.033455882352941176,0.015441176470588236,0.041176470588235294,0.01911764705882353,0.01801470588235294,0.01213235294117647,0.0
2025-09-24 06:00:00,2025-09-24,12,2833,0.003473010480224564,0.0,0.05355149727787674,0.0,0.0,0.0,0.0,0.0,0.05050000000000015,0.08753971055418285,0.05153547476173667,0.023296858453935757,0.06636074832333215,0.03141546064242852,0.02435580656547829,0.013766325450052947,0.0
2025-09-24 06:30:00,2025-09-24,13,3272,0.008865661201827921,0.0,0.07477924670867751,-0.058625000000000003,0.0,0.0,0.0,0.0675,0.12000000000000005,0.18184596577017115,0.12011002444987776,0.05409535452322738,0.1512836185819071,0.0715158924205379,0.06204156479217604,0.029951100244498777,0.0
2025-09-24 07:00:00,2025-09-24,14,3832,0.019538778498525363,0.0,0.10513115163802472,-0.10543749999999993,-0.030000000000000027,0.0,0.030000000000000027,0.13397500000000004,0.18999999999999995,0.30088726513569936,0.2197286012526096,0.07985386221294363,0.2536534446764092,0.10099164926931106,0.13987473903966596,0.050626304801670144,0.030000000000000027
2025-09-24 07:30:00,2025-09-24,15,4570,0.046242171164600054,0.0,0.14206942039849146,-0.14561666666666664,-0.06516666666666665,0.0,0.09125000000000003,0.2234285714285718,0.32000000000000006,0.4275711159737418,0.33150984682713347,0.11291028446389496,0.37811816192560177,0.12778993435448577,0.23391684901531729,0.07264770240700219,0.09125000000000003
2025-09-24 08:00:00,2025-09-24,16,5026,0.04578880772364656,0.0,0.1473804503475786,-0.14378125000000003,-0.07619047619047625,0.0,0.09599999999999997,0.223452380952381,0.33000000000000007,0.43931555909271786,0.3410266613609232,0.1235575009948269,0.38658973338639074,0.14882610425785914,0.24074810982888978,0.07699960206923995,0.09599999999999997
2025-09-24 08:30:00,2025-09-24,17,4944,0.042725260416666674,0.0,0.14060197994828344,-0.15333333333333332,-0.07190000000000003,0.0,0.08861607142857147,0.21750000000000003,0.30500000000000005,0.42516181229773464,0.32119741100323623,0.12014563106796117,0.3630663430420712,0.14826051779935276,0.22795307443365695,0.07807443365695793,0.08861607142857147
2025-09-24 09:00:00,2025-09-24,18,4879,0.03595968236307299,0.0,0.1426264423544857,-0.17000000000000004,-0.07442857142857133,0.0,0.08171428571428574,0.1957714285714286,0.28857142857142853,0.40930518548882966,0.31379381020700964,0.12605042016806722,0.35396597663455626,0.1565894650543144,0.21766755482680877,0.0823939331830293,0.08171428571428574
2025-09-24 09:30:00,2025-09-24,19,4554,0.035696532483217275,0.0,0.12211420295812342,-0.11999999999999988,-0.05571428571428572,0.0,0.07000000000000006,0.17591428571428572,0.2633333333333333,0.4018445322793149,0.29424681598594643,0.10737812911725955,0.3425559947299078,0.13526570048309178,0.1960913482652613,0.0590689503732982,0.07000000000000006
2025-09-24 10:00:00,2025-09-24,20,4469,0.02919984585166953,0.0,0.11706305543315085,-0.12162499999999997,-0.053333333333333344,0.0,0.06000000000000005,0.15625,0.2343333333333324,0.3779368986350414,0.2745580666815842,0.10449765048109197,0.3224434996643544,0.12620272991720743,0.17386439919445065,0.06265383754754979,0.06000000000000005
2025-09-24 10:30:00,2025-09-24,21,4509,0.03128015133753657,0.0,0.12110609528456606,-0.11559999999999998,-0.050000000000000044,0.0,0.06624999999999992,0.16516666666666693,0.24442857142857063,0.3854513195830561,0.2829895764027501,0.10113107119095142,0.33089376801951653,0.12441783100465735,0.18496340652029275,0.06054557551563539,0.06624999999999992
2025-09-24 11:00:00,2025-09-24,22,4610,0.03425763752596725,0.0,0.11482168087020234,-0.10499999999999998,-0.04666666666666665,0.0,0.06999999999999995,0.17007142857142896,0.2450000000000001,0.3978308026030369,0.2904555314533623,0.09696312364425162,0.3351409978308026,0.12321041214750543,0.18806941431670282,0.05271149674620391,0.06999999999999995
2025-09-24 11:30:00,2025-09-24,23,4605,0.03232175365803216,0.0,0.11090362626984433,-0.10000000000000009,-0.047657142857142835,0.0,0.06666666666666665,0.16417142857142872,0.23971428571428596,0.3969598262757872,0.28838219326818676,0.09815418023887079,0.33659066232356133,0.12138979370249729,0.18306188925081432,0.0503800217155266,0.06666666666666665
2025-09-24 12:00:00,2025-09-24,24,4561,0.03616967193099072,0.0,0.11373184396017941,-0.10999999999999999,-0.040000000000000036,0.0,0.07333333333333325,0.17333333333333334,0.2549999999999999,0.3975005481254111,0.29752247314185487,0.09076956807717605,0.33961850471387856,0.11291383468537601,0.19579039684279764,0.05415479061609296,0.07333333333333325
2025-09-24 12:30:00,2025-09-24,25,4426,0.032185100309140076,0.0,0.11207810275344572,-0.10250000000000012,-0.050000000000000044,0.0,0.06412500000000002,0.17000000000000004,0.24,0.3691821057388161,0.28174423859014913,0.1009941256213285,0.32037957523723454,0.12336195210122006,0.1859466787166742,0.052643470402169004,0.06412500000000002
2025-09-24 13:00:00,2025-09-24,26,4369,0.03317844131816151,0.0,0.11786199882470855,-0.12,-0.043466666666666647,0.0,0.06666666666666665,0.17676190476190493,0.2527142857142855,0.37972075989929044,0.2806134126802472,0.09498741130693522,0.3229571984435798,0.11787594415197986,0.19180590524147403,0.05676356145571069,0.06666666666666665
2025-09-24 13:30:00,2025-09-24,27,4393,0.03262705097214544,0.0,0.11992469436103523,-0.1266666666666667,-0.057499999999999996,0.0,0.07000000000000006,0.16999999999999998,0.2476190476190472,0.3869792852264967,0.2881857500569087,0.10562258137946734,0.33166401092647396,0.12884133849305712,0.19644889597086274,0.06601411336216709,0.07000000000000006
2025-09-24 14:00:00,2025-09-24,28,4430,0.027939442249811892,0.0,0.1248120396618901,-0.1558714285714286,-0.07145238095238082,0.0,0.07000000000000006,0.17076785714285708,0.2371250000000001,0.3801354401805869,0.2893905191873589,0.12279909706546276,0.3295711060948081,0.14492099322799096,0.19661399548532732,0.07787810383747178,0.07000000000000006
2025-09-24 14:30:00,2025-09-24,29,4568,0.025493427579365076,0.0,0.13301784889403412,-0.18391249999999998,-0.09834999999999992,0.0,0.06861607142857137,0.18000000000000002,0.26564999999999966,0.3710595446584939,0.28590192644483364,0.14185639229422067,0.32027145359019266,0.16790718038528896,0.19395796847635727,0.09610332749562171,0.06861607142857137
2025-09-24 15:00:00,2025-09-24,30,4543,0.032857554051409985,0.0,0.1370137176142073,-0.17999999999999994,-0.08,0.0,0.08267857142857143,0.1925,0.28,0.40171692714065593,0.3086066475896984,0.12568787145058333,0.3524103015628439,0.14747963900506272,0.21967862645828748,0.08628659476117104,0.08267857142857143
2025-09-24 15:30:00,2025-09-24,31,4664,0.032474833904521404,0.0,0.14091123134209632,-0.17974999999999997,-0.0838,0.0,0.08000000000000007,0.2007314814814813,0.2797857142857134,0.40287307032590053,0.30424528301886794,0.13036020583190394,0.34369639794168094,0.15051457975986277,0.21976843910806174,0.08940823327615781,0.08000000000000007
2025-09-24 16:00:00,2025-09-24,32,4519,0.03860241290155265,0.0,0.13518724428689133,-0.16000000000000003,-0.0615714285714286,0.0,0.08999999999999997,0.20000000000000007,0.28509999999999946,0.40871874308475326,0.3193184332816995,0.11329940252268202,0.3591502544810799,0.13387917680902855,0.23102456295640628,0.07280371763664528,0.08999999999999997
2025-09-24 16:30:00,2025-09-24,33,4605,0.03694763419965646,0.0,0.13674145543939184,-0.17333333333333337,-0.08577777777777766,0.0,0.08571428571428563,0.20314285714285737,0.2980000000000005,0.41172638436482084,0.3226927252985885,0.12747014115092292,0.36308360477741586,0.14527687296416938,0.2262757871878393,0.09011943539630836,0.08571428571428563
2025-09-24 17:00:00,2025-09-24,34,4508,0.03272141046722347,0.0,0.1358249987564688,-0.1760833333333333,-0.07999999999999996,0.0,0.08297619047619054,0.19607500000000005,0.2658124999999996,0.39951197870452526,0.3112244897959184,0.12355811889973381,0.3533717834960071,0.14307897071872228,0.22071872227151731,0.08451641526175688,0.08297619047619054
2025-09-24 17:30:00,2025-09-24,35,4610,0.04067713110732363,0.0,0.1367491394847587,-0.1467410714285714,-0.06000000000000005,0.0,0.08999999999999997,0.2027857142857143,0.29400000000000004,0.41626898047722344,0.323644251626898,0.11236442516268981,0.36399132321041217,0.13731019522776572,0.23101952277657267,0.0735357917570499,0.08999999999999997
2025-09-24 18:00:00,2025-09-24,36,4967,0.038317050735915244,0.0,0.14986586230389148,-0.20709999999999995,-0.10999999999999999,0.0,0.09732142857142856,0.22250000000000003,0.3107777777777776,0.43406482786390177,0.3388363197100866,0.1507952486410308,0.3845379504731226,0.17555868733642038,0.24260116770686532,0.10610026172740085,0.09732142857142856
2025-09-24 18:30:00,2025-09-24,37,4789,0.045178457010167705,0.0,0.14482981953034943,-0.15999999999999992,-0.07250000000000001,0.0,0.10285714285714287,0.22499999999999998,0.31133333333333213,0.4380872833576947,0.34662768845270414,0.1263311756107747,0.3829609521820839,0.1555648360826895,0.25370641052411774,0.07851325955314262,0.10285714285714287
2025-09-24 19:00:00,2025-09-24,38,4540,0.03169022067221406,0.0,0.13483880150319633,-0.1628571428571428,-0.07499999999999996,0.0,0.07625000000000007,0.18783333333333332,0.27,0.3933920704845815,0.2997797356828194,0.12356828193832599,0.33964757709251103,0.14757709251101322,0.20704845814977973,0.07951541850220264,0.07625000000000007
2025-09-24 19:30:00,2025-09-24,39,4283,0.022857552144135727,0.0,0.11563929444236164,-0.14985714285714274,-0.06333333333333335,0.0,0.050000000000000044,0.1586666666666667,0.2230982142857142,0.3420499649778193,0.2512257763250058,0.11393882792435209,0.2930189119775858,0.13425169273873452,0.16857342983889798,0.07588139154798039,0.050000000000000044
2025-09-24 20:00:00,2025-09-24,40,4210,0.013387367724867724,0.0,0.10817486559443026,-0.15000000000000002,-0.07428571428571418,0.0,0.030000000000000027,0.1322499999999999,0.19570833333333326,0.30593824228028504,0.21282660332541567,0.1187648456057007,0.2524940617577197,0.13990498812351543,0.13182897862232779,0.08004750593824228,0.030000000000000027
2025-09-24 20:30:00,2025-09-24,41,4105,0.010727976834934814,0.0,0.09995169680393692,-0.1375,-0.06373333333333328,0.0,0.015000000000000013,0.1133333333333334,0.1725,0.27673568818514005,0.19123020706455543,0.11546894031668696,0.2243605359317905,0.14007308160779536,0.11473812423873325,0.07113276492082826,0.015000000000000013
2025-09-24 21:00:00,2025-09-24,42,4019,0.009026837469111669,0.0,0.09806283560640135,-0.14,-0.06333333333333335,0.0,0.010000000000000009,0.11333333333333329,0.17000000000000004,0.2652401094799701,0.18487185867131128,0.11047524259766112,0.221945757651157,0.1366011445633242,0.11445633242100024,0.0711619805921871,0.010000000000000009
2025-09-24 21:30:00,2025-09-24,43,4009,0.007024736456069084,0.0,0.10357389498927531,-0.15085714285714286,-0.0668333333333334,0.0,0.011111111111111127,0.1100000000000001,0.17000000000000004,0.2678972312297331,0.17834871539037167,0.11474183088051883,0.21576452980793215,0.13394861561486654,0.1077575455225742,0.0715889249189324,0.011111111111111127
2025-09-24 22:00:00,2025-09-24,44,3960,0.0060570873249692694,0.0,0.09841413347612024,-0.14505,-0.06499999999999995,0.0,0.0,0.09999999999999998,0.17223611111111098,0.24141414141414141,0.1648989898989899,0.1154040404040404,0.19595959595959597,0.13914141414141415,0.09848484848484848,0.07323232323232323,0.0
2025-09-24 22:30:00,2025-09-24,45,3774,0.007710847226778599,0.0,0.0876448150694855,-0.12558333333333332,-0.039999999999999925,0.0,0.0,0.0888888888888889,0.15000000000000002,0.2368839427662957,0.1573926868044515,0.09220985691573927,0.1886592474827769,0.10969793322734499,0.08876523582405936,0.05802861685214626,0.0
2025-09-24 23:00:00,2025-09-24,46,3643,0.003315947486445703,0.0,0.09442553676225751,-0.13,-0.040000000000000036,0.0,0.0,0.08000000000000007,0.14112499999999956,0.20669777655778204,0.140818007136975,0.09360417238539664,0.1710129014548449,0.11227010705462531,0.08152621465824869,0.06286027998902004,0.0
2025-09-24 23:30:00,2025-09-24,47,3507,0.004931821164926383,0.0,0.08321274190621945,-0.09000000000000005,-0.020571428571428563,0.0,0.0,0.06000000000000005,0.13250000000000003,0.17507841459937268,0.11063587111491303,0.07641859138865127,0.13373253493013973,0.0932420872540633,0.0718562874251497,0.04448246364414029,0.0
2025-09-25 00:00:00,2025-09-25,0,3281,0.0025165400357034014,0.0,0.07083735034604798,-0.06999999999999995,0.0,0.0,0.0,0.040000000000000036,0.09000000000000019,0.1420298689423956,0.09326424870466321,0.05851874428527888,0.10941786040841207,0.07253886010362694,0.042060347455044195,0.0365742151782993,0.0
2025-09-25 00:30:00,2025-09-25,1,3189,0.0034503974475752455,0.0,0.06241733150545638,-0.053333333333333344,0.0,0.0,0.0,0.025000000000000022,0.08499999999999996,0.12354970210097209,0.0740043900909376,0.05205393540294763,0.09344622138601442,0.06083411727814362,0.04201944183129508,0.028849169018501097,0.0
2025-09-25 01:00:00,2025-09-25,2,3126,0.001432992870852756,0.0,0.06610962291877585,-0.04000000000000002,0.0,0.0,0.0,0.01322916666666668,0.07093750000000004,0.1110044785668586,0.06301983365323097,0.045745361484325016,0.08349328214971209,0.0563019833653231,0.036148432501599485,0.027191298784388994,0.0
2025-09-25 01:30:00,2025-09-25,3,3033,0.0018283700720644342,0.0,0.05263086612837792,-0.006416666666666673,0.0,0.0,0.0,0.0,0.050000000000000044,0.09132871744147708,0.050445103857566766,0.028684470820969338,0.06660072535443455,0.03758654797230465,0.02637652489284537,0.02044180679195516,0.0
2025-09-25 02:00:00,2025-09-25,4,3012,0.0018680002213368738,0.0,0.05280280947223562,-0.00666666666666671,0.0,0.0,0.0,0.0,0.043749999999999956,0.08034528552456839,0.048140770252324036,0.029216467463479414,0.05843293492695883,0.03718459495351926,0.022908366533864542,0.02158034528552457,0.0
2025-09-25 02:30:00,2025-09-25,5,3022,0.0006038412313230314,0.0,0.04764388822317668,-0.0050000000000000044,0.0,0.0,0.0,0.0,0.035527777777777735,0.07511581733951025,0.042356055592322965,0.030774321641297155,0.05790866975512905,0.03474520185307743,0.02084712111184646,0.021178027796161483,0.0
2025-09-25 03:00:00,2025-09-25,6,2987,0.0032993456654320397,0.0,0.04443014981336848,0.0,0.0,0.0,0.0,0.0,0.042333333333332814,0.0796786072982926,0.04519584867760294,0.024439236692333444,0.0589219953130231,0.027452293270840308,0.023769668563776363,0.014730498828255775,0.0
2025-09-25 03:30:00,2025-09-25,7,2990,0.0023584472492081186,0.0,0.04782294509925845,0.0,0.0,0.0,0.0,0.0,0.040000000000000036,0.07525083612040134,0.043478260869565216,0.023076923076923078,0.05384615384615385,0.02976588628762542,0.024414715719063545,0.011705685618729096,0.0
2025-09-25 04:00:00,2025-09-25,8,2988,0.0010298615095301839,0.0,0.04812819677849242,-0.0030416666666667415,0.0,0.0,0.0,0.0,0.026520833333333448,0.06593038821954485,0.03781793842034806,0.028447121820615796,0.04785809906291834,0.03614457831325301,0.024431057563587683,0.01740294511378849,0.0
2025-09-25 04:30:00,2025-09-25,9,3021,0.0006167502088554721,0.0,0.05404534952361742,-0.010000000000000009,0.0,0.0,0.0,0.0,0.030000000000000027,0.07149950347567031,0.042039059913935785,0.03277060575968222,0.05097649784839457,0.039059913935782856,0.019860973187686197,0.021185038066865277,0.0
2025-09-25 05:00:00,2025-09-25,10,3051,0.0026185910942548114,0.0,0.05638074360631476,-0.010000000000000009,0.0,0.0,0.0,0.0,0.050000000000000044,0.08357915437561456,0.051130776794493606,0.030154047853162898,0.061619141265158967,0.03736479842674533,0.025565388397246803,0.017371353654539495,0.0
2025-09-25 05:30:00,2025-09-25,11,3152,-0.0021619442933687866,0.0,0.06669193952519177,-0.040000000000000036,0.0,0.0,0.0,0.0,0.056437499999999925,0.09993654822335026,0.054251269035533,0.04854060913705584,0.06852791878172589,0.0583756345177665,0.0266497461928934,0.03616751269035533,0.0
2025-09-25 06:00:00,2025-09-25,12,3437,1.8396615265251542e-05,0.0,0.07814599823345399,-0.10183333333333332,-0.025000000000000022,0.0,0.0,0.039999999999999925,0.09999999999999998,0.14663951120162932,0.08641256910096014,0.07710212394530114,0.1120162932790224,0.0948501600232761,0.049461739889438465,0.0503345941227815,0.0
2025-09-25 06:30:00,2025-09-25,13,4082,0.0021703279690938933,0.0,0.08888623387983215,-0.135,-0.07000000000000006,0.0,0.0,0.08000000000000007,0.14,0.22611464968152867,0.1487016168544831,0.12444879960803527,0.17785399314061734,0.14845663890249877,0.0801077902988731,0.07153356197942186,0.0
2025-09-25 07:00:00,2025-09-25,14,5503,-0.002719519511723765,0.0,0.1112724287275906,-0.19999999999999996,-0.12750000000000006,-0.02255208333333336,0.0233333333333334,0.11249999999999993,0.1714999999999993,0.29910957659458476,0.196983463565328,0.19989096856260222,0.2380519716518263,0.2338724332182446,0.1141195711430129,0.12556787206978012,0.04588541666666676
2025-09-25 07:30:00,2025-09-25,15,6921,0.0008739553303380782,0.0,0.13185354817325454,-0.21333333333333337,-0.14166666666666666,-0.04499999999999993,0.043999999999999984,0.1439999999999999,0.21375,0.36280884265279584,0.23580407455570004,0.2395607571160237,0.2881086548186678,0.28189567981505564,0.15012281462216442,0.14766652217887588,0.08899999999999991
2025-09-25 08:00:00,2025-09-25,16,7003,0.006718035099469843,0.0,0.13326168475240144,-0.20999999999999996,-0.14,-0.040000000000000036,0.05399999999999999,0.16000000000000003,0.22993749999999966,0.37583892617449666,0.2577466799942882,0.22690275596173068,0.3017278309296016,0.27759531629301726,0.1697843781236613,0.1449378837641011,0.09400000000000003
2025-09-25 08:30:00,2025-09-25,17,6587,0.013336708939686396,0.0,0.13690248271893923,-0.19999999999999996,-0.13166666666666668,-0.030000000000000027,0.05874999999999997,0.17428571428571438,0.2563541666666665,0.3927432822225596,0.26825565507818433,0.21512069227265826,0.31531805070593594,0.25322605131319265,0.17914073174434492,0.13708820403825717,0.08875
2025-09-25 09:00:00,2025-09-25,18,6336,0.011975489263203179,0.0,0.13411295386524177,-0.19687500000000008,-0.13,-0.025000000000000022,0.05762499999999998,0.16666666666666663,0.235,0.3805239898989899,0.26704545454545453,0.2040719696969697,0.3104482323232323,0.2398989898989899,0.1755050505050505,0.13241792929292928,0.082625
2025-09-25 09:30:00,2025-09-25,19,6177,0.00964843145719785,0.0,0.12398037073689452,-0.18,-0.12,-0.020000000000000018,0.05125000000000002,0.15180000000000024,0.21500000000000002,0.3762344180022665,0.25562570827262426,0.19669742593491987,0.30694511898980087,0.23101829367006638,0.16318601262748908,0.12141816415735794,0.07125000000000004
2025-09-25 10:00:00,2025-09-25,20,6033,0.005703657825083733,0.0,0.12816750439492172,-0.20500000000000002,-0.12800000000000009,-0.026000000000000023,0.04999999999999993,0.14797142857142861,0.21528571428571408,0.3560417702635505,0.24780374606331843,0.20288413724515167,0.2940493949941986,0.2424995856124648,0.1594563235537875,0.1296204210177358,0.07599999999999996
2025-09-25 10:30:00,2025-09-25,21,6012,0.007556351582549189,0.0,0.12572251825460484,-0.20287500000000008,-0.1275,-0.02000000000000013,0.052232142857142866,0.14600000000000002,0.21000000000000005,0.36410512308715903,0.2546573519627412,0.1936127744510978,0.2999001996007984,0.2340319361277445,0.16067864271457086,0.12957418496340653,0.072232142857143
2025-09-25 11:00:00,2025-09-25,22,6075,0.007822862695146647,0.0,0.1286271696317129,-0.20725,-0.12666666666666665,-0.020000000000000018,0.05166666666666664,0.14666666666666672,0.21450000000000022,0.3751440329218107,0.2553086419753086,0.19522633744855966,0.30650205761316873,0.2294650205761317,0.16181069958847735,0.12329218106995884,0.07166666666666666
2025-09-25 11:30:00,2025-09-25,23,6063,0.007760904298952707,0.0,0.1233637270173533,-0.19556250000000003,-0.1266666666666666,-0.02387499999999998,0.05436507936507935,0.1448571428571429,0.21999999999999997,0.3661553686293914,0.2594425202045192,0.20237506185056903,0.3008411677387432,0.23998020781791193,0.15833745670460167,0.12897905327395678,0.07824007936507933
2025-09-25 12:00:00,2025-09-25,24,6282,0.01046091003480171,0.0,0.12634901029487844,-0.195,-0.12,-0.02185714285714288,0.05500000000000005,0.15428571428571436,0.21857142857142875,0.38172556510665395,0.2632919452403693,0.19547914676854505,0.3104106972301815,0.23463865011142948,0.17223814071951607,0.11938872970391595,0.07685714285714293
2025-09-25 12:30:00,2025-09-25,25,6177,0.006615441852905428,0.0,0.12786974558959324,-0.2087999999999999,-0.13,-0.027499999999999913,0.04999999999999999,0.14582857142857159,0.21499999999999997,0.3627974745021855,0.24979763639307107,0.21062004209163024,0.29690788408612595,0.24542658248340618,0.1570341589768496,0.1312935081754897,0.0774999999999999
2025-09-25 13:00:00,2025-09-25,26,6341,0.0006594929258566698,0.0,0.12688376864272766,-0.21499999999999997,-0.14166666666666672,-0.040000000000000036,0.043333333333333224,0.14142857142857146,0.21000000000000008,0.34884087683330706,0.23907900961993375,0.23560952531146506,0.2811859328181675,0.27535089102665194,0.15202649424381012,0.14729537927771644,0.08333333333333326
2025-09-25 13:30:00,2025-09-25,27,6515,0.0020428073493403503,0.0,0.12799920396862968,-0.215,-0.1341714285714285,-0.03901785714285716,0.04833333333333334,0.14500000000000002,0.21,0.360552570990023,0.2454336147352264,0.224712202609363,0.29501151189562547,0.26953184957789716,0.15548733691481198,0.1399846508058327,0.0873511904761905
2025-09-25 14:00:00,2025-09-25,28,6392,0.006809151009694659,0.0,0.1248405275345241,-0.19181666666666664,-0.1240000000000001,-0.030714285714285722,0.04999999999999999,0.14666666666666672,0.21352083333333333,0.36467459324155194,0.24953066332916146,0.21354818523153943,0.2975594493116395,0.25375469336670836,0.15910513141426783,0.12672090112640802,0.08071428571428571
2025-09-25 14:30:00,2025-09-25,29,6450,0.007243601267380339,0.0,0.12863492823578432,-0.2008923611111111,-0.1333333333333332,-0.034999999999999976,0.05499999999999998,0.15253125000000017,0.22795833333333274,0.3703875968992248,0.2618604651162791,0.21829457364341084,0.304031007751938,0.26031007751937985,0.1613953488372093,0.13488372093023257,0.08999999999999996
2025-09-25 15:00:00,2025-09-25,30,6571,0.01069628997543318,0.0,0.12999696563855417,-0.2041666666666667,-0.125,-0.022500000000000075,0.05857142857142861,0.16,0.22500000000000003,0.4042002739309085,0.269974128747527,0.2013392177750723,0.32156444985542537,0.23710241972302543,0.1713590016740222,0.12859534317455487,0.08107142857142868
2025-09-25 15:30:00,2025-09-25,31,6857,0.008181120767948098,0.0,0.1357056496117647,-0.21999999999999997,-0.1375,-0.03200000000000003,0.06000000000000005,0.16000000000000003,0.23564444444444435,0.39157065772203586,0.2721306693889456,0.21510864809683536,0.3199649992708181,0.2563803412571095,0.18039959165815955,0.13752369841038356,0.09200000000000008
2025-09-25 16:00:00,2025-09-25,32,6989,0.01163001009333639,0.0,0.13463787248784811,-0.21500000000000002,-0.1313333333333333,-0.026666666666666727,0.06555555555555559,0.16000000000000003,0.23449999999999932,0.4103591357848047,0.2824438403205036,0.20875661754185149,0.3359565030762627,0.24481327800829875,0.1855773358134211,0.1326370010015739,0.09222222222222232
2025-09-25 16:30:00,2025-09-25,33,6782,0.011184472270591777,0.0,0.13330446736321644,-0.20663333333333322,-0.13,-0.029999999999999916,0.06580357142857149,0.16108333333333336,0.2342714285714285,0.40681214980831615,0.28870539663815986,0.2083456207608375,0.33279268652314953,0.24948392804482453,0.18003538779121203,0.13462105573577116,0.0958035714285714
2025-09-25 17:00:00,2025-09-25,34,6788,0.013157169719439537,0.0,0.13728003116767049,-0.21500000000000008,-0.13500000000000004,-0.024999999999999967,0.06799999999999996,0.16999999999999993,0.2430312499999999,0.41249263406010606,0.2924278137890395,0.20374189746611668,0.34236888626988804,0.24189746611667648,0.1898939304655274,0.13214496169711254,0.09299999999999993
2025-09-25 17:30:00,2025-09-25,35,7072,0.010397050359940985,0.0,0.132899716285571,-0.20666666666666664,-0.1349999999999999,-0.0340714285714287,0.06333333333333338,0.16442857142857156,0.235,0.39592760180995473,0.2775735294117647,0.21959841628959276,0.3250848416289593,0.25919117647058826,0.18269230769230768,0.1381504524886878,0.09740476190476208
2025-09-25 18:00:00,2025-09-25,36,7397,0.004873631604189602,0.0,0.13562962327306088,-0.22000000000000008,-0.15000000000000002,-0.04375000000000007,0.05999999999999994,0.15999999999999995,0.22999999999999998,0.39407868054616735,0.270785453562255,0.23982695687440855,0.3213464918210085,0.2836284980397458,0.1697985669866162,0.15709071245099365,0.10375000000000001
2025-09-25 18:30:00,2025-09-25,37,7349,0.00424394749924584,0.0,0.14425495318725282,-0.2239,-0.15000000000000002,-0.046666666666666634,0.05944444444444441,0.16346666666666662,0.24,0.3903932507824194,0.2691522656143693,0.24275411620628656,0.3156892094162471,0.28752211185195264,0.17390121104912232,0.1570281670975643,0.10611111111111104
2025-09-25 19:00:00,2025-09-25,38,7061,0.002478185889928206,0.0,0.14048809436269918,-0.23199999999999998,-0.15428571428571425,-0.04500000000000004,0.058518518518518525,0.16249999999999987,0.2350000000000001,0.3768588018694236,0.2669593541991219,0.24104234527687296,0.310295992069112,0.28352924514941225,0.17462115847613652,0.15932587452202238,0.10351851851851857
2025-09-25 19:30:00,2025-09-25,39,6258,0.001627000893127394,0.0,0.12569201224400903,-0.20333333333333325,-0.13449999999999998,-0.033333333333333326,0.04191666666666671,0.13749999999999996,0.2041499999999996,0.3507510386705018,0.23250239693192715,0.22003835091083412,0.2796420581655481,0.25870885266858423,0.1457334611697028,0.14077980185362735,0.07525000000000004
2025-09-25 20:00:00,2025-09-25,40,5608,-0.0004058819691095645,0.0,0.12384783762531527,-0.20999999999999996,-0.13,-0.026666666666666644,0.030277777777777903,0.13,0.19999999999999996,0.31490727532097007,0.21041369472182597,0.20613409415121256,0.2549928673323823,0.2437589158345221,0.13195435092724678,0.13159771754636235,0.05694444444444455
2025-09-25 20:30:00,2025-09-25,41,5246,-0.00461422812442637,0.0,0.11616498455360182,-0.20999999999999996,-0.1299999999999999,-0.020000000000000018,0.022499999999999964,0.10928571428571421,0.17000000000000004,0.2931757529546321,0.19100266869996188,0.20205871139916126,0.23465497521921463,0.23408311094166984,0.10960731986275257,0.1303850552802135,0.04249999999999998
2025-09-25 21:00:00,2025-09-25,42,4928,-0.00042220488258434683,0.0,0.11185566468928389,-0.183475,-0.12,-0.0060624999999999984,0.022708333333333386,0.1199999999999999,0.17999999999999994,0.2930194805194805,0.19318181818181818,0.1773538961038961,0.23559253246753248,0.20292207792207792,0.11465097402597403,0.1195211038961039,0.028770833333333384
2025-09-25 21:30:00,2025-09-25,43,4953,-0.0004744602303985485,0.0,0.10627044072310936,-0.18000000000000005,-0.10999999999999999,-0.010000000000000009,0.018000000000000016,0.10848214285714301,0.16750000000000004,0.2875025237229962,0.17989097516656571,0.1784776902887139,0.22410660205935795,0.21764587118917827,0.10801534423581667,0.10983242479305472,0.028000000000000025
2025-09-25 22:00:00,2025-09-25,44,4666,-0.002940339407897272,0.0,0.1072909197146611,-0.18666666666666662,-0.10999999999999999,-0.004999999999999893,0.007874999999999938,0.09999999999999998,0.16163888888888892,0.26468066866695245,0.17423917702528932,0.17059579939991426,0.20938705529361337,0.20510072867552506,0.09965709387055294,0.11165880840120017,0.012874999999999831
2025-09-25 22:30:00,2025-09-25,45,4382,0.0015779639953247887,0.0,0.10125503150804407,-0.16567857142857143,-0.08999999999999997,0.0,0.006666666666666599,0.09999999999999998,0.16000000000000003,0.2594705613874943,0.1668188041989959,0.1419443176631675,0.20287539936102236,0.17206754906435417,0.09835691465084437,0.08991328160657235,0.006666666666666599
2025-09-25 23:00:00,2025-09-25,46,4070,-0.003517340717340719,0.0,0.10488219931699938,-0.17000000000000004,-0.08000000000000002,0.0,0.0,0.08000000000000007,0.13935714285714237,0.21597051597051597,0.13857493857493858,0.1321867321867322,0.17616707616707616,0.15356265356265356,0.0800982800982801,0.08230958230958231,0.0
2025-09-25 23:30:00,2025-09-25,47,3819,-0.0006514009941936108,0.0,0.08853334567660377,-0.14,-0.0617333333333333,0.0,0.0,0.06875000000000003,0.12,0.20345640219952868,0.12359256349829799,0.10971458496988741,0.15737103953914638,0.12987693113380466,0.066509557475779,0.07384131971720345,0.0
